Record Date,Security Class Description,Paper Savings Bonds Conversions Count,Paper Savings Bonds Conversions Amount,Transactions Month,Source Line Number,Fiscal Year,Fiscal Quarter Number,Calendar Year,Calendar Quarter Number,Calendar Month Number,Calendar Day Number
2023-01-31,E,500,82963.04,202301,1,2023,2,2023,1,01,31
2023-01-31,EE,30534,18093668.44,202301,2,2023,2,2023,1,01,31
2023-01-31,I,12448,45405643.56,202301,3,2023,2,2023,1,01,31
2022-12-31,E,65,24805.82,202212,1,2023,1,2022,4,12,31
2022-12-31,EE,22299,15326219.40,202212,2,2023,1,2022,4,12,31
2022-12-31,I,9548,34739482.54,202212,3,2023,1,2022,4,12,31
2022-11-30,E,115,59179.06,202211,1,2023,1,2022,4,11,30
2022-11-30,EE,32256,18717333.13,202211,2,2023,1,2022,4,11,30
2022-11-30,I,12735,42681395.57,202211,3,2023,1,2022,4,11,30
2022-10-31,E,114,36202.68,202210,1,2023,1,2022,4,10,31
2022-10-31,EE,28000,15638308.21,202210,2,2023,1,2022,4,10,31
2022-10-31,I,10473,30797433.45,202210,3,2023,1,2022,4,10,31
2022-09-30,E,474,373677.05,202209,1,2022,4,2022,3,09,30
2022-09-30,EE,56675,26892887.46,202209,2,2022,4,2022,3,09,30
2022-09-30,I,15988,46608399.13,202209,3,2022,4,2022,3,09,30
2022-08-31,E,496,207750.26,202208,1,2022,4,2022,3,08,31
2022-08-31,EE,53619,26148510.87,202208,2,2022,4,2022,3,08,31
2022-08-31,I,21414,50410302.52,202208,3,2022,4,2022,3,08,31
2022-07-31,E,494,185856.48,202207,1,2022,4,2022,3,07,31
2022-07-31,EE,40950,25057516.91,202207,2,2022,4,2022,3,07,31
2022-07-31,I,18607,51127629.66,202207,3,2022,4,2022,3,07,31
2022-06-30,E,69,22062.31,202206,1,2022,3,2022,2,06,30
2022-06-30,EE,34548,20474971.36,202206,2,2022,3,2022,2,06,30
2022-06-30,I,18825,45110731.02,202206,3,2022,3,2022,2,06,30
2022-05-31,E,151,44545.88,202205,1,2022,3,2022,2,05,31
2022-05-31,EE,40656,25159387.31,202205,2,2022,3,2022,2,05,31
2022-05-31,I,19885,36662249.62,202205,3,2022,3,2022,2,05,31
2022-04-30,E,170,34977.83,202204,1,2022,3,2022,2,04,30
2022-04-30,EE,33099,22514885.54,202204,2,2022,3,2022,2,04,30
2022-04-30,I,18569,37579837.32,202204,3,2022,3,2022,2,04,30
2022-03-31,E,154,122730.53,202203,1,2022,2,2022,1,03,31
2022-03-31,EE,48112,27332500.43,202203,2,2022,2,2022,1,03,31
2022-03-31,I,16416,43104262.64,202203,3,2022,2,2022,1,03,31
2022-02-28,E,284,192842.03,202202,1,2022,2,2022,1,02,28
2022-02-28,EE,42741,24613112.01,202202,2,2022,2,2022,1,02,28
2022-02-28,I,14406,41731469.44,202202,3,2022,2,2022,1,02,28
2022-01-31,E,226,57197.87,202201,1,2022,2,2022,1,01,31
2022-01-31,EE,40099,24230899.33,202201,2,2022,2,2022,1,01,31
2022-01-31,I,11956,33812003.57,202201,3,2022,2,2022,1,01,31
2021-12-31,E,261,96072.64,202112,1,2022,1,2021,4,12,31
2021-12-31,I,14134,40536620.80,202112,3,2022,1,2021,4,12,31
2021-12-31,EE,39533,26185217.00,202112,2,2022,1,2021,4,12,31
2021-11-30,E,42,9730.04,202111,1,2022,1,2021,4,11,30
2021-11-30,EE,32578,22159370.99,202111,2,2022,1,2021,4,11,30
2021-11-30,I,9710,32029668.97,202111,3,2022,1,2021,4,11,30
2021-10-31,E,487,129923.36,202110,1,2022,1,2021,4,10,31
2021-10-31,EE,38457,24802794.25,202110,2,2022,1,2021,4,10,31
2021-10-31,I,10611,37692811.46,202110,3,2022,1,2021,4,10,31
2021-09-30,E,248,160802.43,202109,1,2021,4,2021,3,09,30
2021-09-30,EE,43872,29169058.08,202109,2,2021,4,2021,3,09,30
2021-09-30,I,12924,40605792.47,202109,3,2021,4,2021,3,09,30
2021-08-31,E,337,180390.89,202108,1,2021,4,2021,3,08,31
2021-08-31,EE,35360,24777496.59,202108,2,2021,4,2021,3,08,31
2021-08-31,I,8890,27775607.18,202108,3,2021,4,2021,3,08,31
2021-07-31,E,577,204879.07,202107,1,2021,4,2021,3,07,31
2021-07-31,EE,40543,31982023.48,202107,2,2021,4,2021,3,07,31
2021-07-31,I,11901,38940591.62,202107,3,2021,4,2021,3,07,31
2021-06-30,E,134,35042.76,202106,1,2021,3,2021,2,06,30
2021-06-30,EE,40527,29710472.08,202106,2,2021,3,2021,2,06,30
2021-06-30,I,12958,33805018.23,202106,3,2021,3,2021,2,06,30
2021-05-31,E,277,102432.95,202105,1,2021,3,2021,2,05,31
2021-05-31,EE,41984,28059487.98,202105,2,2021,3,2021,2,05,31
2021-05-31,I,11734,36339455.48,202105,3,2021,3,2021,2,05,31
2021-04-30,E,211,322282.04,202104,1,2021,3,2021,2,04,30
2021-04-30,EE,47926,35234573.39,202104,2,2021,3,2021,2,04,30
2021-04-30,I,15280,39266854.40,202104,3,2021,3,2021,2,04,30
2021-03-31,E,264,474269.43,202103,1,2021,2,2021,1,03,31
2021-03-31,EE,54115,33686501.35,202103,2,2021,2,2021,1,03,31
2021-03-31,I,12252,41155065.66,202103,3,2021,2,2021,1,03,31
2021-02-28,E,255,48011.99,202102,1,2021,2,2021,1,02,28
2021-02-28,EE,53900,36382413.44,202102,2,2021,2,2021,1,02,28
2021-02-28,I,11920,37629244.46,202102,3,2021,2,2021,1,02,28
2021-01-31,EE,42064,28357281.50,202101,2,2021,2,2021,1,01,31
2021-01-31,I,8911,28695702.40,202101,3,2021,2,2021,1,01,31
2021-01-31,E,136,48433.00,202101,1,2021,2,2021,1,01,31
2020-12-31,E,372,186454.90,202012,1,2021,1,2020,4,12,31
2020-12-31,EE,44248,33171747.92,202012,2,2021,1,2020,4,12,31
2020-12-31,I,12753,37930718.08,202012,3,2021,1,2020,4,12,31
2020-11-30,E,191,39941.97,202011,1,2021,1,2020,4,11,30
2020-11-30,EE,35689,30761711.09,202011,2,2021,1,2020,4,11,30
2020-11-30,I,10576,37459417.74,202011,3,2021,1,2020,4,11,30
2020-10-31,E,256,124789.30,202010,1,2021,1,2020,4,10,31
2020-10-31,EE,44236,32571549.68,202010,2,2021,1,2020,4,10,31
2020-10-31,I,11055,34879123.43,202010,3,2021,1,2020,4,10,31
2020-09-30,E,445,196911.71,202009,1,2020,4,2020,3,09,30
2020-09-30,EE,52628,37526106.93,202009,2,2020,4,2020,3,09,30
2020-09-30,I,12445,38730686.31,202009,3,2020,4,2020,3,09,30
2020-08-31,E,83,48780.10,202008,1,2020,4,2020,3,08,31
2020-08-31,EE,53056,33103797.87,202008,2,2020,4,2020,3,08,31
2020-08-31,I,13347,37587204.26,202008,3,2020,4,2020,3,08,31
2020-07-31,E,207,52199.29,202007,1,2020,4,2020,3,07,31
2020-07-31,EE,46082,29750438.23,202007,2,2020,4,2020,3,07,31
2020-07-31,I,12408,32046661.30,202007,3,2020,4,2020,3,07,31
2020-06-30,E,276,81606.45,202006,1,2020,3,2020,2,06,30
2020-06-30,EE,44622,28536861.81,202006,2,2020,3,2020,2,06,30
2020-06-30,I,12490,32635251.35,202006,3,2020,3,2020,2,06,30
2020-05-31,E,195,116546.31,202005,1,2020,3,2020,2,05,31
2020-05-31,EE,34083,19144406.07,202005,2,2020,3,2020,2,05,31
2020-05-31,I,8916,21094679.86,202005,3,2020,3,2020,2,05,31
2020-04-30,E,133,22295.49,202004,1,2020,3,2020,2,04,30
2020-04-30,EE,49496,31419282.60,202004,2,2020,3,2020,2,04,30
2020-04-30,I,11238,29390377.80,202004,3,2020,3,2020,2,04,30
2020-03-31,E,296,127247.31,202003,1,2020,2,2020,1,03,31
2020-03-31,EE,57049,41771647.75,202003,2,2020,2,2020,1,03,31
2020-03-31,I,13191,35055240.40,202003,3,2020,2,2020,1,03,31
2020-02-29,E,346,93672.20,202002,1,2020,2,2020,1,02,29
2020-02-29,EE,57498,35806776.73,202002,2,2020,2,2020,1,02,29
2020-02-29,I,13504,39156767.36,202002,3,2020,2,2020,1,02,29
2020-01-31,E,562,235479.60,202001,1,2020,2,2020,1,01,31
2020-01-31,EE,61342,36426519.65,202001,2,2020,2,2020,1,01,31
2020-01-31,I,13690,38674775.23,202001,3,2020,2,2020,1,01,31
2019-12-31,E,383,127759.62,201912,1,2020,1,2019,4,12,31
2019-12-31,EE,39686,30692510.38,201912,2,2020,1,2019,4,12,31
2019-12-31,I,11133,28559525.20,201912,3,2020,1,2019,4,12,31
2019-11-30,E,341,119417.98,201911,1,2020,1,2019,4,11,30
2019-11-30,EE,39769,36448844.60,201911,2,2020,1,2019,4,11,30
2019-11-30,I,9520,31877361.56,201911,3,2020,1,2019,4,11,30
2019-10-31,E,735,639087.93,201910,1,2020,1,2019,4,10,31
2019-10-31,EE,46416,34493813.88,201910,2,2020,1,2019,4,10,31
2019-10-31,I,11009,33927593.79,201910,3,2020,1,2019,4,10,31
2019-09-30,E,443,123931.53,201909,1,2019,4,2019,3,09,30
2019-09-30,EE,60861,49899061.17,201909,2,2019,4,2019,3,09,30
2019-09-30,I,12693,41582003.65,201909,3,2019,4,2019,3,09,30
2019-08-31,E,383,182815.04,201908,1,2019,4,2019,3,08,31
2019-08-31,EE,53800,44293100.43,201908,2,2019,4,2019,3,08,31
2019-08-31,I,13225,39363331.72,201908,3,2019,4,2019,3,08,31
2019-07-31,E,388,176987.80,201907,1,2019,4,2019,3,07,31
2019-07-31,EE,58984,46570081.26,201907,2,2019,4,2019,3,07,31
2019-07-31,I,15106,47351847.13,201907,3,2019,4,2019,3,07,31
2019-06-30,E,293,60860.77,201906,1,2019,3,2019,2,06,30
2019-06-30,EE,51617,38224929.98,201906,2,2019,3,2019,2,06,30
2019-06-30,I,10941,30781570.83,201906,3,2019,3,2019,2,06,30
2019-05-31,E,456,144458.21,201905,1,2019,3,2019,2,05,31
2019-05-31,EE,59348,42199752.62,201905,2,2019,3,2019,2,05,31
2019-05-31,I,13862,39608517.46,201905,3,2019,3,2019,2,05,31
2019-04-30,E,442,109487.25,201904,1,2019,3,2019,2,04,30
2019-04-30,EE,55369,42322292.44,201904,2,2019,3,2019,2,04,30
2019-04-30,I,15087,40803911.70,201904,3,2019,3,2019,2,04,30
2019-03-31,E,186,100033.21,201903,1,2019,2,2019,1,03,31
2019-03-31,EE,74183,47576341.13,201903,2,2019,2,2019,1,03,31
2019-03-31,I,18568,42132388.39,201903,3,2019,2,2019,1,03,31
2019-02-28,E,254,105751.04,201902,1,2019,2,2019,1,02,28
2019-02-28,EE,52848,37555092.47,201902,2,2019,2,2019,1,02,28
2019-02-28,I,13148,30414201.60,201902,3,2019,2,2019,1,02,28
2019-01-31,E,169,152565.43,201901,1,2019,2,2019,1,01,31
2019-01-31,EE,54590,40746371.75,201901,2,2019,2,2019,1,01,31
2019-01-31,I,11403,34505810.65,201901,3,2019,2,2019,1,01,31
2018-12-31,E,59,28735.04,201812,1,2019,1,2018,4,12,31
2018-12-31,EE,43655,35056994.41,201812,2,2019,1,2018,4,12,31
2018-12-31,I,10795,28315195.24,201812,3,2019,1,2018,4,12,31
2018-11-30,E,234,100769.82,201811,1,2019,1,2018,4,11,30
2018-11-30,EE,58654,47906419.27,201811,2,2019,1,2018,4,11,30
2018-11-30,I,16170,40513712.78,201811,3,2019,1,2018,4,11,30
2018-10-31,E,280,447583.12,201810,1,2019,1,2018,4,10,31
2018-10-31,EE,52067,41097731.67,201810,2,2019,1,2018,4,10,31
2018-10-31,I,12423,36284296.93,201810,3,2019,1,2018,4,10,31
2018-09-30,E,157,108987.17,201809,1,2018,4,2018,3,09,30
2018-09-30,EE,54420,38338231.00,201809,2,2018,4,2018,3,09,30
2018-09-30,I,14312,33979176.32,201809,3,2018,4,2018,3,09,30
2018-08-31,E,177,61708.91,201808,1,2018,4,2018,3,08,31
2018-08-31,EE,62379,50423454.60,201808,2,2018,4,2018,3,08,31
2018-08-31,I,16431,49034744.62,201808,3,2018,4,2018,3,08,31
2018-07-31,E,86,44765.15,201807,1,2018,4,2018,3,07,31
2018-07-31,EE,52033,44641007.69,201807,2,2018,4,2018,3,07,31
2018-07-31,I,13442,35172303.41,201807,3,2018,4,2018,3,07,31
2018-06-30,E,511,277007.58,201806,1,2018,3,2018,2,06,30
2018-06-30,EE,51943,39174645.99,201806,2,2018,3,2018,2,06,30
2018-06-30,I,11410,35966743.95,201806,3,2018,3,2018,2,06,30
2018-05-31,E,385,161785.44,201805,1,2018,3,2018,2,05,31
2018-05-31,EE,55356,47955978.81,201805,2,2018,3,2018,2,05,31
2018-05-31,I,13871,37400048.94,201805,3,2018,3,2018,2,05,31
2018-04-30,E,554,154744.45,201804,1,2018,3,2018,2,04,30
2018-04-30,EE,58093,44817533.43,201804,2,2018,3,2018,2,04,30
2018-04-30,I,14038,35748477.22,201804,3,2018,3,2018,2,04,30
2018-03-31,E,262,218377.62,201803,1,2018,2,2018,1,03,31
2018-03-31,EE,71434,48363125.93,201803,2,2018,2,2018,1,03,31
2018-03-31,I,16706,43376490.95,201803,3,2018,2,2018,1,03,31
2018-02-28,E,386,118265.96,201802,1,2018,2,2018,1,02,28
2018-02-28,EE,69997,53090739.81,201802,2,2018,2,2018,1,02,28
2018-02-28,I,12836,37520734.92,201802,3,2018,2,2018,1,02,28
2018-01-31,E,298,195070.11,201801,1,2018,2,2018,1,01,31
2018-01-31,EE,70944,47104687.53,201801,2,2018,2,2018,1,01,31
2018-01-31,I,13621,37734260.47,201801,3,2018,2,2018,1,01,31
2017-12-31,E,529,382952.16,201712,1,2018,1,2017,4,12,31
2017-12-31,EE,59832,47445730.06,201712,2,2018,1,2017,4,12,31
2017-12-31,I,11797,33674846.67,201712,3,2018,1,2017,4,12,31
2017-11-30,E,445,132811.83,201711,1,2018,1,2017,4,11,30
2017-11-30,EE,56667,45067778.11,201711,2,2018,1,2017,4,11,30
2017-11-30,I,11386,34916126.37,201711,3,2018,1,2017,4,11,30
2017-10-31,E,340,160735.45,201710,1,2018,1,2017,4,10,31
2017-10-31,EE,58744,47311163.08,201710,2,2018,1,2017,4,10,31
2017-10-31,I,12907,35498264.56,201710,3,2018,1,2017,4,10,31
2017-09-30,E,429,313966.92,201709,1,2017,4,2017,3,09,30
2017-09-30,EE,70879,52350291.97,201709,2,2017,4,2017,3,09,30
2017-09-30,I,12956,37621047.26,201709,3,2017,4,2017,3,09,30
2017-08-31,E,712,339221.65,201708,1,2017,4,2017,3,08,31
2017-08-31,EE,84972,62473895.90,201708,2,2017,4,2017,3,08,31
2017-08-31,I,16555,41561791.92,201708,3,2017,4,2017,3,08,31
2017-07-31,E,250,80562.50,201707,1,2017,4,2017,3,07,31
2017-07-31,EE,69632,50319203.37,201707,2,2017,4,2017,3,07,31
2017-07-31,I,15611,39864393.34,201707,3,2017,4,2017,3,07,31
2017-06-30,E,314,156365.08,201706,1,2017,3,2017,2,06,30
2017-06-30,EE,76992,59029895.59,201706,2,2017,3,2017,2,06,30
2017-06-30,I,16050,41745309.39,201706,3,2017,3,2017,2,06,30
2017-05-31,E,464,198052.13,201705,1,2017,3,2017,2,05,31
2017-05-31,EE,71656,54059752.70,201705,2,2017,3,2017,2,05,31
2017-05-31,I,14141,38077027.22,201705,3,2017,3,2017,2,05,31
2017-04-30,E,401,178928.71,201704,1,2017,3,2017,2,04,30
2017-04-30,EE,77745,54077757.99,201704,2,2017,3,2017,2,04,30
2017-04-30,I,15725,39517656.96,201704,3,2017,3,2017,2,04,30
2017-03-31,E,868,311689.76,201703,1,2017,2,2017,1,03,31
2017-03-31,EE,99133,67502135.13,201703,2,2017,2,2017,1,03,31
2017-03-31,I,20464,44999476.07,201703,3,2017,2,2017,1,03,31
2017-02-28,E,593,217477.74,201702,1,2017,2,2017,1,02,28
2017-02-28,EE,79201,52629153.98,201702,2,2017,2,2017,1,02,28
2017-02-28,I,18052,36361981.98,201702,3,2017,2,2017,1,02,28
2017-01-31,E,428,310973.30,201701,1,2017,2,2017,1,01,31
2017-01-31,EE,62070,40736452.97,201701,2,2017,2,2017,1,01,31
2017-01-31,I,11683,32790111.40,201701,3,2017,2,2017,1,01,31
2016-12-31,E,480,461931.00,201612,1,2017,1,2016,4,12,31
2016-12-31,EE,74460,59935572.10,201612,2,2017,1,2016,4,12,31
2016-12-31,I,13361,34733600.31,201612,3,2017,1,2016,4,12,31
2016-11-30,E,399,125489.54,201611,1,2017,1,2016,4,11,30
2016-11-30,EE,74196,60903379.50,201611,2,2017,1,2016,4,11,30
2016-11-30,I,16052,38944393.56,201611,3,2017,1,2016,4,11,30
2016-10-31,E,574,260192.81,201610,1,2017,1,2016,4,10,31
2016-10-31,EE,79898,66541713.19,201610,2,2017,1,2016,4,10,31
2016-10-31,I,14082,39233237.25,201610,3,2017,1,2016,4,10,31
2016-09-30,E,734,462018.69,201609,1,2016,4,2016,3,09,30
2016-09-30,EE,103415,85856090.14,201609,2,2016,4,2016,3,09,30
2016-09-30,I,19770,50968108.34,201609,3,2016,4,2016,3,09,30
2016-08-31,E,1169,453702.48,201608,1,2016,4,2016,3,08,31
2016-08-31,EE,165220,130028455.28,201608,2,2016,4,2016,3,08,31
2016-08-31,I,31866,82337101.37,201608,3,2016,4,2016,3,08,31
2016-07-31,E,809,271086.91,201607,1,2016,4,2016,3,07,31
2016-07-31,EE,94357,66215533.51,201607,2,2016,4,2016,3,07,31
2016-07-31,I,19915,42369797.04,201607,3,2016,4,2016,3,07,31
2016-06-30,E,711,263423.49,201606,1,2016,3,2016,2,06,30
2016-06-30,EE,112509,90605226.68,201606,2,2016,3,2016,2,06,30
2016-06-30,I,23660,56818296.15,201606,3,2016,3,2016,2,06,30
2016-05-31,E,388,93893.34,201605,1,2016,3,2016,2,05,31
2016-05-31,EE,94222,74270933.51,201605,2,2016,3,2016,2,05,31
2016-05-31,I,17643,48934081.98,201605,3,2016,3,2016,2,05,31
2016-04-30,E,306,77075.02,201604,1,2016,3,2016,2,04,30
2016-04-30,EE,48270,46641640.26,201604,2,2016,3,2016,2,04,30
2016-04-30,I,6961,24228002.67,201604,3,2016,3,2016,2,04,30
2016-03-31,E,364,198590.98,201603,1,2016,2,2016,1,03,31
2016-03-31,EE,81302,70071036.21,201603,2,2016,2,2016,1,03,31
2016-03-31,I,15911,43788583.74,201603,3,2016,2,2016,1,03,31
2016-02-29,E,434,111190.37,201602,1,2016,2,2016,1,02,29
2016-02-29,I,8755,23291246.23,201602,3,2016,2,2016,1,02,29
2016-02-29,EE,48656,42736455.47,201602,2,2016,2,2016,1,02,29
2016-01-31,E,342,176394.11,201601,1,2016,2,2016,1,01,31
2016-01-31,EE,46954,42005427.25,201601,2,2016,2,2016,1,01,31
2016-01-31,I,8456,23762125.04,201601,3,2016,2,2016,1,01,31
2015-12-31,E,165,75329.82,201512,1,2016,1,2015,4,12,31
2015-12-31,EE,50637,47113676.68,201512,2,2016,1,2015,4,12,31
2015-12-31,I,8657,24438900.49,201512,3,2016,1,2015,4,12,31
2015-11-30,E,321,198290.03,201511,1,2016,1,2015,4,11,30
2015-11-30,EE,55662,44649544.97,201511,2,2016,1,2015,4,11,30
2015-11-30,I,8614,21322265.03,201511,3,2016,1,2015,4,11,30
2015-10-31,E,104,83367.73,201510,1,2016,1,2015,4,10,31
2015-10-31,EE,52936,48800245.46,201510,2,2016,1,2015,4,10,31
2015-10-31,I,9297,29735034.12,201510,3,2016,1,2015,4,10,31
2015-09-30,E,118,69701.39,201509,1,2015,4,2015,3,09,30
2015-09-30,EE,37963,39492043.64,201509,2,2015,4,2015,3,09,30
2015-09-30,I,6979,23305734.33,201509,3,2015,4,2015,3,09,30
2015-08-31,E,139,44103.53,201508,1,2015,4,2015,3,08,31
2015-08-31,EE,37585,32861267.64,201508,2,2015,4,2015,3,08,31
2015-08-31,I,7592,19970443.49,201508,3,2015,4,2015,3,08,31
2015-07-31,E,62,64330.23,201507,1,2015,4,2015,3,07,31
2015-07-31,EE,44052,36857316.79,201507,2,2015,4,2015,3,07,31
2015-07-31,I,8233,20495970.10,201507,3,2015,4,2015,3,07,31
2015-06-30,E,130,80326.03,201506,1,2015,3,2015,2,06,30
2015-06-30,EE,55627,34887908.21,201506,2,2015,3,2015,2,06,30
2015-06-30,I,9365,18570224.67,201506,3,2015,3,2015,2,06,30
2015-05-31,E,562,219542.68,201505,1,2015,3,2015,2,05,31
2015-05-31,EE,55308,42643001.22,201505,2,2015,3,2015,2,05,31
2015-05-31,I,11284,27043090.58,201505,3,2015,3,2015,2,05,31
2015-04-30,E,597,213518.00,201504,1,2015,3,2015,2,04,30
2015-04-30,EE,79928,57081536.35,201504,2,2015,3,2015,2,04,30
2015-04-30,I,15469,32437868.55,201504,3,2015,3,2015,2,04,30
2015-03-31,E,627,225152.07,201503,1,2015,2,2015,1,03,31
2015-03-31,EE,71047,48165584.66,201503,2,2015,2,2015,1,03,31
2015-03-31,I,13071,35604127.55,201503,3,2015,2,2015,1,03,31
2015-02-28,E,359,196154.86,201502,1,2015,2,2015,1,02,28
2015-02-28,EE,69148,49117439.01,201502,2,2015,2,2015,1,02,28
2015-02-28,I,11097,25657861.13,201502,3,2015,2,2015,1,02,28
2015-01-31,E,447,278971.44,201501,1,2015,2,2015,1,01,31
2015-01-31,EE,70537,49475105.01,201501,2,2015,2,2015,1,01,31
2015-01-31,I,12009,27049828.41,201501,3,2015,2,2015,1,01,31
2014-12-31,E,439,286741.04,201412,1,2015,1,2014,4,12,31
2014-12-31,EE,68427,60462393.93,201412,2,2015,1,2014,4,12,31
2014-12-31,I,14987,39758294.15,201412,3,2015,1,2014,4,12,31
2014-11-30,E,120,48985.38,201411,1,2015,1,2014,4,11,30
2014-11-30,EE,67500,53932726.32,201411,2,2015,1,2014,4,11,30
2014-11-30,I,13786,30112075.82,201411,3,2015,1,2014,4,11,30
2014-10-31,E,653,187735.32,201410,1,2015,1,2014,4,10,31
2014-10-31,EE,73511,53883112.15,201410,2,2015,1,2014,4,10,31
2014-10-31,I,11077,26923623.04,201410,3,2015,1,2014,4,10,31
2014-09-30,E,274,220157.39,201409,1,2014,4,2014,3,09,30
2014-09-30,EE,80573,63612582.42,201409,2,2014,4,2014,3,09,30
2014-09-30,I,14007,32441604.16,201409,3,2014,4,2014,3,09,30
2014-08-31,E,184,41238.67,201408,1,2014,4,2014,3,08,31
2014-08-31,EE,91572,76937311.32,201408,2,2014,4,2014,3,08,31
2014-08-31,I,17420,38843256.71,201408,3,2014,4,2014,3,08,31
2014-07-31,E,672,186307.52,201407,1,2014,4,2014,3,07,31
2014-07-31,EE,88402,63797254.11,201407,2,2014,4,2014,3,07,31
2014-07-31,I,15648,37968279.94,201407,3,2014,4,2014,3,07,31
2014-06-30,E,535,261248.47,201406,1,2014,3,2014,2,06,30
2014-06-30,EE,81886,62950063.70,201406,2,2014,3,2014,2,06,30
2014-06-30,I,14352,30588747.61,201406,3,2014,3,2014,2,06,30
2014-05-31,E,775,336574.62,201405,1,2014,3,2014,2,05,31
2014-05-31,EE,71119,54948065.82,201405,2,2014,3,2014,2,05,31
2014-05-31,I,13412,33230827.14,201405,3,2014,3,2014,2,05,31
2014-04-30,E,453,312663.81,201404,1,2014,3,2014,2,04,30
2014-04-30,EE,81790,58241832.59,201404,2,2014,3,2014,2,04,30
2014-04-30,I,16191,29680376.64,201404,3,2014,3,2014,2,04,30
2014-03-31,E,726,269054.43,201403,1,2014,2,2014,1,03,31
2014-03-31,EE,75519,42092733.17,201403,2,2014,2,2014,1,03,31
2014-03-31,I,14822,27539199.53,201403,3,2014,2,2014,1,03,31
2014-02-28,E,677,221874.88,201402,1,2014,2,2014,1,02,28
2014-02-28,EE,58047,17823794.10,201402,2,2014,2,2014,1,02,28
2014-02-28,I,10457,12337974.28,201402,3,2014,2,2014,1,02,28
2014-01-31,E,566,162460.55,201401,1,2014,2,2014,1,01,31
2014-01-31,EE,53068,15888015.59,201401,2,2014,2,2014,1,01,31
2014-01-31,I,10435,12398937.40,201401,3,2014,2,2014,1,01,31
2013-12-31,E,795,216574.00,201312,1,2014,1,2013,4,12,31
2013-12-31,EE,35621,13444208.12,201312,2,2014,1,2013,4,12,31
2013-12-31,I,7682,8648326.12,201312,3,2014,1,2013,4,12,31
2013-11-30,E,341,125127.21,201311,1,2014,1,2013,4,11,30
2013-11-30,EE,32797,15607548.06,201311,2,2014,1,2013,4,11,30
2013-11-30,I,6821,10107704.76,201311,3,2014,1,2013,4,11,30
2013-10-31,E,272,102099.09,201310,1,2014,1,2013,4,10,31
2013-10-31,EE,35278,14512821.33,201310,2,2014,1,2013,4,10,31
2013-10-31,I,6492,9334275.99,201310,3,2014,1,2013,4,10,31
2013-09-30,E,1080,273532.58,201309,1,2013,4,2013,3,09,30
2013-09-30,EE,36818,13919027.01,201309,2,2013,4,2013,3,09,30
2013-09-30,I,9156,10564017.49,201309,3,2013,4,2013,3,09,30
2013-08-31,E,397,179108.16,201308,1,2013,4,2013,3,08,31
2013-08-31,EE,42004,18194039.54,201308,2,2013,4,2013,3,08,31
2013-08-31,I,10263,10619231.69,201308,3,2013,4,2013,3,08,31
2013-07-31,E,513,109226.70,201307,1,2013,4,2013,3,07,31
2013-07-31,EE,44806,16590771.27,201307,2,2013,4,2013,3,07,31
2013-07-31,I,9698,11425723.20,201307,3,2013,4,2013,3,07,31
2013-06-30,E,604,174499.36,201306,1,2013,3,2013,2,06,30
2013-06-30,EE,38277,14368894.66,201306,2,2013,3,2013,2,06,30
2013-06-30,I,7866,12129174.25,201306,3,2013,3,2013,2,06,30
2013-05-31,E,454,207837.89,201305,1,2013,3,2013,2,05,31
2013-05-31,EE,49236,19295857.38,201305,2,2013,3,2013,2,05,31
2013-05-31,I,10090,11481126.68,201305,3,2013,3,2013,2,05,31
2013-04-30,E,713,408597.40,201304,1,2013,3,2013,2,04,30
2013-04-30,EE,48703,17159066.00,201304,2,2013,3,2013,2,04,30
2013-04-30,I,11375,12937433.63,201304,3,2013,3,2013,2,04,30
2013-03-31,E,511,237326.94,201303,1,2013,2,2013,1,03,31
2013-03-31,EE,58820,22356562.34,201303,2,2013,2,2013,1,03,31
2013-03-31,I,12782,17196193.80,201303,3,2013,2,2013,1,03,31
2013-02-28,E,788,305550.91,201302,1,2013,2,2013,1,02,28
2013-02-28,EE,64444,18561944.85,201302,2,2013,2,2013,1,02,28
2013-02-28,I,14526,16157606.37,201302,3,2013,2,2013,1,02,28
2013-01-31,E,1030,527437.11,201301,1,2013,2,2013,1,01,31
2013-01-31,EE,62699,20498623.75,201301,2,2013,2,2013,1,01,31
2013-01-31,I,13051,16462246.37,201301,3,2013,2,2013,1,01,31
2012-12-31,E,668,232960.19,201212,1,2013,1,2012,4,12,31
2012-12-31,EE,42558,15397350.37,201212,2,2013,1,2012,4,12,31
2012-12-31,I,7849,13046182.71,201212,3,2013,1,2012,4,12,31
2012-11-30,E,750,212452.55,201211,1,2013,1,2012,4,11,30
2012-11-30,EE,41635,17262329.02,201211,2,2013,1,2012,4,11,30
2012-11-30,I,7705,9088197.45,201211,3,2013,1,2012,4,11,30
2012-10-31,E,336,165670.69,201210,1,2013,1,2012,4,10,31
2012-10-31,EE,46198,17757649.77,201210,2,2013,1,2012,4,10,31
2012-10-31,I,10682,14992731.47,201210,3,2013,1,2012,4,10,31
2012-09-30,E,352,76207.50,201209,1,2012,4,2012,3,09,30
2012-09-30,EE,43836,12845975.24,201209,2,2012,4,2012,3,09,30
2012-09-30,I,8742,10451790.31,201209,3,2012,4,2012,3,09,30
2012-08-31,E,926,343110.65,201208,1,2012,4,2012,3,08,31
2012-08-31,EE,56182,20432654.98,201208,2,2012,4,2012,3,08,31
2012-08-31,I,15534,17323396.23,201208,3,2012,4,2012,3,08,31
2012-07-31,E,460,164945.79,201207,1,2012,4,2012,3,07,31
2012-07-31,EE,48376,16411767.20,201207,2,2012,4,2012,3,07,31
2012-07-31,I,11621,13883795.92,201207,3,2012,4,2012,3,07,31
2012-06-30,E,675,371788.26,201206,1,2012,3,2012,2,06,30
2012-06-30,EE,53813,18911308.50,201206,2,2012,3,2012,2,06,30
2012-06-30,I,10820,12910280.27,201206,3,2012,3,2012,2,06,30
2012-05-31,E,902,516644.58,201205,1,2012,3,2012,2,05,31
2012-05-31,EE,61429,18574759.86,201205,2,2012,3,2012,2,05,31
2012-05-31,I,15360,16410637.01,201205,3,2012,3,2012,2,05,31
2012-04-30,E,331,97147.97,201204,1,2012,3,2012,2,04,30
2012-04-30,EE,34658,10798024.27,201204,2,2012,3,2012,2,04,30
2012-04-30,I,7988,8538103.81,201204,3,2012,3,2012,2,04,30
2012-03-31,E,319,101684.99,201203,1,2012,2,2012,1,03,31
2012-03-31,EE,40702,13496525.81,201203,2,2012,2,2012,1,03,31
2012-03-31,I,10329,10594725.53,201203,3,2012,2,2012,1,03,31
2012-02-29,E,661,232208.22,201202,1,2012,2,2012,1,02,29
2012-02-29,EE,73241,23417580.58,201202,2,2012,2,2012,1,02,29
2012-02-29,I,16112,19856728.16,201202,3,2012,2,2012,1,02,29
2012-01-31,E,974,405135.31,201201,1,2012,2,2012,1,01,31
2012-01-31,EE,71418,22956785.16,201201,2,2012,2,2012,1,01,31
2012-01-31,I,19560,22808651.11,201201,3,2012,2,2012,1,01,31
2011-12-31,E,1021,346002.89,201112,1,2012,1,2011,4,12,31
2011-12-31,EE,42263,14947098.86,201112,2,2012,1,2011,4,12,31
2011-12-31,I,11791,12680270.32,201112,3,2012,1,2011,4,12,31
2011-11-30,E,507,277965.32,201111,1,2012,1,2011,4,11,30
2011-11-30,EE,36519,11803992.50,201111,2,2012,1,2011,4,11,30
2011-11-30,I,10239,9727423.83,201111,3,2012,1,2011,4,11,30
2011-10-31,E,146,55240.45,201110,1,2012,1,2011,4,10,31
2011-10-31,EE,33728,11137549.91,201110,2,2012,1,2011,4,10,31
2011-10-31,I,9044,9211345.19,201110,3,2012,1,2011,4,10,31
2011-09-30,E,438,149660.70,201109,1,2011,4,2011,3,09,30
2011-09-30,EE,37962,13516724.33,201109,2,2011,4,2011,3,09,30
2011-09-30,I,11672,12923087.91,201109,3,2011,4,2011,3,09,30
2011-08-31,E,472,138233.43,201108,1,2011,4,2011,3,08,31
2011-08-31,EE,45972,11883638.99,201108,2,2011,4,2011,3,08,31
2011-08-31,I,13010,11360393.16,201108,3,2011,4,2011,3,08,31
2011-07-31,EE,34290,12800705.51,201107,2,2011,4,2011,3,07,31
2011-07-31,I,8705,7330494.38,201107,3,2011,4,2011,3,07,31
2011-07-31,E,421,199969.55,201107,1,2011,4,2011,3,07,31
2011-06-30,E,675,277780.42,201106,1,2011,3,2011,2,06,30
2011-06-30,EE,37327,12829511.34,201106,2,2011,3,2011,2,06,30
2011-06-30,I,11043,11630858.47,201106,3,2011,3,2011,2,06,30
2011-05-31,E,746,518229.59,201105,1,2011,3,2011,2,05,31
2011-05-31,EE,33397,10396636.39,201105,2,2011,3,2011,2,05,31
2011-05-31,I,9937,8557041.88,201105,3,2011,3,2011,2,05,31
2011-04-30,E,241,283733.23,201104,1,2011,3,2011,2,04,30
2011-04-30,EE,34708,10271484.64,201104,2,2011,3,2011,2,04,30
2011-04-30,I,11212,6520829.46,201104,3,2011,3,2011,2,04,30
2011-03-31,E,473,220755.08,201103,1,2011,2,2011,1,03,31
2011-03-31,EE,52153,12293706.31,201103,2,2011,2,2011,1,03,31
2011-03-31,I,17544,9225587.48,201103,3,2011,2,2011,1,03,31
2011-02-28,E,445,142296.83,201102,1,2011,2,2011,1,02,28
2011-02-28,EE,46706,11605332.25,201102,2,2011,2,2011,1,02,28
2011-02-28,I,14354,10957470.52,201102,3,2011,2,2011,1,02,28
2011-01-31,E,635,188284.22,201101,1,2011,2,2011,1,01,31
2011-01-31,EE,61522,11754132.43,201101,2,2011,2,2011,1,01,31
2011-01-31,I,24726,10227206.74,201101,3,2011,2,2011,1,01,31
2010-12-31,E,461,340149.23,201012,1,2011,1,2010,4,12,31
2010-12-31,EE,50325,10132737.95,201012,2,2011,1,2010,4,12,31
2010-12-31,I,16802,8576739.89,201012,3,2011,1,2010,4,12,31
2010-11-30,E,684,218801.78,201011,1,2011,1,2010,4,11,30
2010-11-30,EE,58862,13128389.94,201011,2,2011,1,2010,4,11,30
2010-11-30,I,20328,9713909.34,201011,3,2011,1,2010,4,11,30
2010-10-31,E,778,206601.49,201010,1,2011,1,2010,4,10,31
2010-10-31,EE,59195,15300291.50,201010,2,2011,1,2010,4,10,31
2010-10-31,I,21506,8237051.84,201010,3,2011,1,2010,4,10,31
2010-09-30,E,867,308128.79,201009,1,2010,4,2010,3,09,30
2010-09-30,EE,77445,13189982.46,201009,2,2010,4,2010,3,09,30
2010-09-30,I,23185,7836640.76,201009,3,2010,4,2010,3,09,30
2010-08-31,E,688,159315.02,201008,1,2010,4,2010,3,08,31
2010-08-31,EE,51333,10237641.32,201008,2,2010,4,2010,3,08,31
2010-08-31,I,15285,5502760.19,201008,3,2010,4,2010,3,08,31
2010-07-31,E,451,162465.36,201007,1,2010,4,2010,3,07,31
2010-07-31,EE,32844,9833462.65,201007,2,2010,4,2010,3,07,31
2010-07-31,I,9525,6067571.87,201007,3,2010,4,2010,3,07,31
2010-06-30,EE,28160,7726906.58,201006,2,2010,3,2010,2,06,30
2010-06-30,I,7844,6439535.85,201006,3,2010,3,2010,2,06,30
2010-06-30,E,321,203718.48,201006,1,2010,3,2010,2,06,30
2010-05-31,I,5746,6090461.20,201005,3,2010,3,2010,2,05,31
2010-05-31,E,395,213409.87,201005,1,2010,3,2010,2,05,31
2010-05-31,EE,21803,6826528.10,201005,2,2010,3,2010,2,05,31
2010-04-30,E,573,169602.48,201004,1,2010,3,2010,2,04,30
2010-04-30,EE,29238,8672210.85,201004,2,2010,3,2010,2,04,30
2010-04-30,I,6482,5458698.89,201004,3,2010,3,2010,2,04,30
2010-03-31,I,8474,9672756.54,201003,3,2010,2,2010,1,03,31
2010-03-31,E,1445,413313.24,201003,1,2010,2,2010,1,03,31
2010-03-31,EE,35456,12202544.08,201003,2,2010,2,2010,1,03,31
2010-02-28,E,480,134570.28,201002,1,2010,2,2010,1,02,28
2010-02-28,EE,31552,9243262.58,201002,2,2010,2,2010,1,02,28
2010-02-28,I,8093,9748220.13,201002,3,2010,2,2010,1,02,28
2010-01-31,I,10097,8202380.81,201001,3,2010,2,2010,1,01,31
2010-01-31,E,1033,402095.42,201001,1,2010,2,2010,1,01,31
2010-01-31,EE,36256,9738114.26,201001,2,2010,2,2010,1,01,31
2009-12-31,E,806,360154.49,200912,1,2010,1,2009,4,12,31
2009-12-31,EE,26577,8605697.64,200912,2,2010,1,2009,4,12,31
2009-12-31,I,5894,6751823.35,200912,3,2010,1,2009,4,12,31
2009-11-30,I,6156,6650252.98,200911,3,2010,1,2009,4,11,30
2009-11-30,E,485,123728.80,200911,1,2010,1,2009,4,11,30
2009-11-30,EE,22169,9427047.12,200911,2,2010,1,2009,4,11,30
2009-10-31,E,560,182136.50,200910,1,2010,1,2009,4,10,31
2009-10-31,EE,24855,8988413.20,200910,2,2010,1,2009,4,10,31
2009-10-31,I,6791,8074527.13,200910,3,2010,1,2009,4,10,31
2009-09-30,E,659,277457.57,200909,1,2009,4,2009,3,09,30
2009-09-30,EE,31787,8654130.03,200909,2,2009,4,2009,3,09,30
2009-09-30,I,7415,7513105.59,200909,3,2009,4,2009,3,09,30
2009-08-31,I,7750,7051677.61,200908,3,2009,4,2009,3,08,31
2009-08-31,E,798,339055.31,200908,1,2009,4,2009,3,08,31
2009-08-31,EE,29210,7587071.45,200908,2,2009,4,2009,3,08,31
2009-07-31,E,486,225365.10,200907,1,2009,4,2009,3,07,31
2009-07-31,EE,28845,8558138.38,200907,2,2009,4,2009,3,07,31
2009-07-31,I,6615,5990438.59,200907,3,2009,4,2009,3,07,31
2009-06-30,E,669,312095.27,200906,1,2009,3,2009,2,06,30
2009-06-30,EE,30520,8341182.72,200906,2,2009,3,2009,2,06,30
2009-06-30,I,6234,5429326.26,200906,3,2009,3,2009,2,06,30
2009-05-31,I,5782,6482874.54,200905,3,2009,3,2009,2,05,31
2009-05-31,E,492,148009.00,200905,1,2009,3,2009,2,05,31
2009-05-31,EE,26252,7705688.79,200905,2,2009,3,2009,2,05,31
2009-04-30,E,748,184894.91,200904,1,2009,3,2009,2,04,30
2009-04-30,I,7077,6857795.80,200904,3,2009,3,2009,2,04,30
2009-04-30,EE,32221,7706393.70,200904,2,2009,3,2009,2,04,30
2009-03-31,E,1091,430764.26,200903,1,2009,2,2009,1,03,31
2009-03-31,EE,34578,8560517.58,200903,2,2009,2,2009,1,03,31
2009-03-31,I,8704,6983329.51,200903,3,2009,2,2009,1,03,31
2009-02-28,E,916,291784.78,200902,1,2009,2,2009,1,02,28
2009-02-28,EE,36150,8669690.32,200902,2,2009,2,2009,1,02,28
2009-02-28,I,9371,7478295.65,200902,3,2009,2,2009,1,02,28
2009-01-31,I,9350,8897028.00,200901,3,2009,2,2009,1,01,31
2009-01-31,E,1284,807082.81,200901,1,2009,2,2009,1,01,31
2009-01-31,EE,39522,8543167.37,200901,2,2009,2,2009,1,01,31
2008-12-31,E,1230,535837.41,200812,1,2009,1,2008,4,12,31
2008-12-31,EE,29978,8572063.70,200812,2,2009,1,2008,4,12,31
2008-12-31,I,6565,5694295.30,200812,3,2009,1,2008,4,12,31
2008-11-30,E,605,208102.58,200811,1,2009,1,2008,4,11,30
2008-11-30,I,7491,6950881.95,200811,3,2009,1,2008,4,11,30
2008-11-30,EE,25156,7821724.95,200811,2,2009,1,2008,4,11,30
2008-10-31,E,1219,442203.10,200810,1,2009,1,2008,4,10,31
2008-10-31,EE,35918,8835267.07,200810,2,2009,1,2008,4,10,31
2008-10-31,I,7868,5940993.35,200810,3,2009,1,2008,4,10,31
2008-09-30,E,853,340121.56,200809,1,2008,4,2008,3,09,30
2008-09-30,I,9759,5670288.72,200809,3,2008,4,2008,3,09,30
2008-09-30,EE,37750,8794322.84,200809,2,2008,4,2008,3,09,30
2008-08-31,E,891,315253.80,200808,1,2008,4,2008,3,08,31
2008-08-31,EE,40136,9485680.94,200808,2,2008,4,2008,3,08,31
2008-08-31,I,9133,7431259.98,200808,3,2008,4,2008,3,08,31
2008-07-31,E,1753,621216.12,200807,1,2008,4,2008,3,07,31
2008-07-31,EE,42576,10283329.86,200807,2,2008,4,2008,3,07,31
2008-07-31,I,8659,6175319.91,200807,3,2008,4,2008,3,07,31
2008-06-30,E,1358,502220.20,200806,1,2008,3,2008,2,06,30
2008-06-30,EE,43906,10243623.20,200806,2,2008,3,2008,2,06,30
2008-06-30,I,10071,7446454.59,200806,3,2008,3,2008,2,06,30
2008-05-31,E,1054,352845.35,200805,1,2008,3,2008,2,05,31
2008-05-31,EE,36853,10876014.87,200805,2,2008,3,2008,2,05,31
2008-05-31,I,10538,10472754.21,200805,3,2008,3,2008,2,05,31
2008-04-30,E,1179,455813.62,200804,1,2008,3,2008,2,04,30
2008-04-30,EE,33567,9976768.60,200804,2,2008,3,2008,2,04,30
2008-04-30,I,8719,8456836.05,200804,3,2008,3,2008,2,04,30
2008-03-31,E,1227,489923.39,200803,1,2008,2,2008,1,03,31
2008-03-31,EE,34987,7788189.31,200803,2,2008,2,2008,1,03,31
2008-03-31,I,9582,6662701.11,200803,3,2008,2,2008,1,03,31
2008-02-29,E,1620,737118.90,200802,1,2008,2,2008,1,02,29
2008-02-29,EE,46024,11435777.61,200802,2,2008,2,2008,1,02,29
2008-02-29,I,10064,8259407.72,200802,3,2008,2,2008,1,02,29
2008-01-31,E,1497,686270.36,200801,1,2008,2,2008,1,01,31
2008-01-31,EE,40017,10262026.24,200801,2,2008,2,2008,1,01,31
2008-01-31,I,9269,8387626.08,200801,3,2008,2,2008,1,01,31
2007-12-31,E,918,662641.98,200712,1,2008,1,2007,4,12,31
2007-12-31,EE,29162,7928617.20,200712,2,2008,1,2007,4,12,31
2007-12-31,I,7083,6363097.61,200712,3,2008,1,2007,4,12,31
2007-11-30,E,1612,652163.93,200711,1,2008,1,2007,4,11,30
2007-11-30,EE,37606,8784616.12,200711,2,2008,1,2007,4,11,30
2007-11-30,I,7862,8533064.45,200711,3,2008,1,2007,4,11,30
2007-10-31,E,1289,423698.29,200710,1,2008,1,2007,4,10,31
2007-10-31,EE,34661,8232852.76,200710,2,2008,1,2007,4,10,31
2007-10-31,I,7927,6886640.58,200710,3,2008,1,2007,4,10,31
2007-09-30,E,1123,474906.64,200709,1,2007,4,2007,3,09,30
2007-09-30,EE,33130,9879449.75,200709,2,2007,4,2007,3,09,30
2007-09-30,I,7568,7675050.21,200709,3,2007,4,2007,3,09,30
2007-08-31,E,1590,651373.38,200708,1,2007,4,2007,3,08,31
2007-08-31,EE,41923,11341594.60,200708,2,2007,4,2007,3,08,31
2007-08-31,I,8432,8097216.83,200708,3,2007,4,2007,3,08,31
2007-07-31,E,1984,682596.75,200707,1,2007,4,2007,3,07,31
2007-07-31,EE,46509,12747650.87,200707,2,2007,4,2007,3,07,31
2007-07-31,I,8797,9389712.06,200707,3,2007,4,2007,3,07,31
2007-06-30,E,1421,995984.62,200706,1,2007,3,2007,2,06,30
2007-06-30,EE,40189,12283118.73,200706,2,2007,3,2007,2,06,30
2007-06-30,I,9705,10618499.43,200706,3,2007,3,2007,2,06,30
2007-05-31,E,1435,503144.20,200705,1,2007,3,2007,2,05,31
2007-05-31,EE,40280,10976811.12,200705,2,2007,3,2007,2,05,31
2007-05-31,I,9391,8647734.67,200705,3,2007,3,2007,2,05,31
2007-04-30,E,2320,1731060.87,200704,1,2007,3,2007,2,04,30
2007-04-30,EE,48296,12087783.89,200704,2,2007,3,2007,2,04,30
2007-04-30,I,10759,11064165.47,200704,3,2007,3,2007,2,04,30
2007-03-31,E,2588,1042236.22,200703,1,2007,2,2007,1,03,31
2007-03-31,EE,54806,12282765.30,200703,2,2007,2,2007,1,03,31
2007-03-31,I,11012,11880080.16,200703,3,2007,2,2007,1,03,31
2007-02-28,E,2728,1094153.79,200702,1,2007,2,2007,1,02,28
2007-02-28,EE,57105,14622119.75,200702,2,2007,2,2007,1,02,28
2007-02-28,I,13099,14298107.19,200702,3,2007,2,2007,1,02,28
2007-01-31,E,2357,978723.04,200701,1,2007,2,2007,1,01,31
2007-01-31,EE,52428,14714844.72,200701,2,2007,2,2007,1,01,31
2007-01-31,I,13780,14753884.04,200701,3,2007,2,2007,1,01,31
2006-12-31,E,1396,562152.71,200612,1,2007,1,2006,4,12,31
2006-12-31,EE,37993,10426192.90,200612,2,2007,1,2006,4,12,31
2006-12-31,I,8958,11268692.10,200612,3,2007,1,2006,4,12,31
2006-11-30,E,2169,1019434.06,200611,1,2007,1,2006,4,11,30
2006-11-30,EE,43440,11534252.53,200611,2,2007,1,2006,4,11,30
2006-11-30,I,13370,13891509.55,200611,3,2007,1,2006,4,11,30
2006-10-31,E,1576,1127823.98,200610,1,2007,1,2006,4,10,31
2006-10-31,EE,41183,11747128.77,200610,2,2007,1,2006,4,10,31
2006-10-31,I,12007,12742111.63,200610,3,2007,1,2006,4,10,31
2006-09-30,E,1581,706365.75,200609,1,2006,4,2006,3,09,30
2006-09-30,EE,38506,12399305.30,200609,2,2006,4,2006,3,09,30
2006-09-30,I,10908,12931230.00,200609,3,2006,4,2006,3,09,30
2006-08-31,E,2159,1169297.69,200608,1,2006,4,2006,3,08,31
2006-08-31,EE,37996,12075779.00,200608,2,2006,4,2006,3,08,31
2006-08-31,I,11477,14052676.07,200608,3,2006,4,2006,3,08,31
2006-07-31,E,1122,550468.08,200607,1,2006,4,2006,3,07,31
2006-07-31,EE,22308,6590268.16,200607,2,2006,4,2006,3,07,31
2006-07-31,I,7102,7963635.33,200607,3,2006,4,2006,3,07,31
2006-06-30,E,1174,405142.65,200606,1,2006,3,2006,2,06,30
2006-06-30,EE,20364,6472568.80,200606,2,2006,3,2006,2,06,30
2006-06-30,I,7675,7346364.81,200606,3,2006,3,2006,2,06,30
2006-05-31,E,853,422496.36,200605,1,2006,3,2006,2,05,31
2006-05-31,EE,24295,6169118.53,200605,2,2006,3,2006,2,05,31
2006-05-31,I,6652,7757874.49,200605,3,2006,3,2006,2,05,31
2006-04-30,E,1004,483605.38,200604,1,2006,3,2006,2,04,30
2006-04-30,EE,22404,6890912.62,200604,2,2006,3,2006,2,04,30
2006-04-30,I,7031,8423606.65,200604,3,2006,3,2006,2,04,30
2006-03-31,E,2314,872509.38,200603,1,2006,2,2006,1,03,31
2006-03-31,EE,33997,9679040.14,200603,2,2006,2,2006,1,03,31
2006-03-31,I,10974,12571262.53,200603,3,2006,2,2006,1,03,31
2006-02-28,E,918,324194.20,200602,1,2006,2,2006,1,02,28
2006-02-28,EE,33241,9097675.64,200602,2,2006,2,2006,1,02,28
2006-02-28,I,10982,14232365.31,200602,3,2006,2,2006,1,02,28
2006-01-31,E,1523,848260.62,200601,1,2006,2,2006,1,01,31
2006-01-31,EE,33331,10443373.38,200601,2,2006,2,2006,1,01,31
2006-01-31,I,10465,14776505.30,200601,3,2006,2,2006,1,01,31
2005-12-31,E,1927,1040155.39,200512,1,2006,1,2005,4,12,31
2005-12-31,EE,26750,9902337.54,200512,2,2006,1,2005,4,12,31
2005-12-31,I,9564,15325455.84,200512,3,2006,1,2005,4,12,31
2005-11-30,E,1277,478135.52,200511,1,2006,1,2005,4,11,30
2005-11-30,EE,22445,7316632.95,200511,2,2006,1,2005,4,11,30
2005-11-30,I,7629,11383656.77,200511,3,2006,1,2005,4,11,30
2005-10-31,E,1143,432282.32,200510,1,2006,1,2005,4,10,31
2005-10-31,EE,22781,6352555.52,200510,2,2006,1,2005,4,10,31
2005-10-31,I,8107,9073873.51,200510,3,2006,1,2005,4,10,31
2005-09-30,E,959,403603.57,200509,1,2005,4,2005,3,09,30
2005-09-30,EE,21021,5280923.22,200509,2,2005,4,2005,3,09,30
2005-09-30,I,6717,7884488.18,200509,3,2005,4,2005,3,09,30
2005-08-31,E,1281,591343.72,200508,1,2005,4,2005,3,08,31
2005-08-31,EE,27937,8210076.24,200508,2,2005,4,2005,3,08,31
2005-08-31,I,8933,9802688.10,200508,3,2005,4,2005,3,08,31
2005-07-31,E,804,364018.60,200507,1,2005,4,2005,3,07,31
2005-07-31,EE,19416,5390513.49,200507,2,2005,4,2005,3,07,31
2005-07-31,I,8094,10491942.61,200507,3,2005,4,2005,3,07,31
2005-06-30,E,514,226929.15,200506,1,2005,3,2005,2,06,30
2005-06-30,EE,27064,9471771.93,200506,2,2005,3,2005,2,06,30
2005-06-30,I,10822,14257416.45,200506,3,2005,3,2005,2,06,30
2005-05-31,E,693,404493.86,200505,1,2005,3,2005,2,05,31
2005-05-31,EE,19336,7993266.83,200505,2,2005,3,2005,2,05,31
2005-05-31,I,8880,10810882.48,200505,3,2005,3,2005,2,05,31
2005-04-30,E,363,137273.59,200504,1,2005,3,2005,2,04,30
2005-04-30,EE,17694,6168689.72,200504,2,2005,3,2005,2,04,30
2005-04-30,I,8399,10506325.42,200504,3,2005,3,2005,2,04,30
2005-03-31,E,1,91.48,200503,1,2005,2,2005,1,03,31
2005-03-31,EE,285,42788.35,200503,2,2005,2,2005,1,03,31
2005-03-31,I,193,291958.91,200503,3,2005,2,2005,1,03,31
2005-02-28,EE,120,15642.14,200502,1,2005,2,2005,1,02,28
2005-02-28,I,29,8276.02,200502,2,2005,2,2005,1,02,28
2005-01-31,E,3,545.84,200501,1,2005,2,2005,1,01,31
2005-01-31,EE,231,124207.86,200501,2,2005,2,2005,1,01,31
2005-01-31,I,44,14967.78,200501,3,2005,2,2005,1,01,31
2004-12-31,E,52,16267.21,200412,1,2005,1,2004,4,12,31
2004-12-31,EE,238,105847.01,200412,2,2005,1,2004,4,12,31
2004-12-31,I,127,25087.36,200412,3,2005,1,2004,4,12,31
